goal_id,collaborator_id,description,deadline,status
d49405f0-2cd2-4404-a48e-40f1d0421dfa,6601ddd0-3170-4437-a8f7-ef5a060edf5b,Wonder long consider care respond want already cut social.,2020-09-17,Completed
83f02dc7-4f61-4217-aef1-669450cae32d,bdd640fb-0667-4ad1-9c80-317fa3b1799d,Writer myself education send course ground sit tend.,2025-08-24,Completed
5e368127-cca1-445c-9fdd-980a45f18619,118a9d29-2f92-4996-99f1-95d014822f53,Threat sea thus hit wind many marriage under mind.,2021-05-28,In Progress
6e3c4532-1434-4f62-acac-028cba220065,bdd640fb-0667-4ad1-9c80-317fa3b1799d,Yet Congress family bill foreign fast knowledge response coach know.,2027-08-10,In Progress
e95f176c-deba-4186-ba10-82170ad7c9a2,dd2467ac-778e-4db3-a93d-ffbc6c6fa611,Past itself police social arm provide image message.,2022-09-21,In Progress
d942644c-248d-41ec-87f8-d4f0f3ea0184,4ccc9bc2-a53f-4a28-abf3-e3fc21813d25,Question just call door population gun we allow check last.,2026-04-24,Completed
13aec376-c359-410a-b1a6-014c5f3c44dc,2d534dd0-cf8e-4c5a-8cc5-6569f9e8a369,Case happen fire everything whether ago control military trial brother.,2024-06-05,Completed
ff11c8ba-36ee-4640-b23e-f466b43bd27f,badcc32a-c159-4f53-8a0f-4efbedcd465e,Experience trouble make but table later together knowledge because radio suffer.,2025-06-08,In Progress
109fd8ee-b5a4-4200-98f0-dd23aaf78c67,badcc32a-c159-4f53-8a0f-4efbedcd465e,My through surface Republican until point soldier meeting building cut.,2022-05-12,In Progress
06ba8cd3-7e78-48c9-8a55-e38b3c9abe10,4ccc9bc2-a53f-4a28-abf3-e3fc21813d25,Network hard sound necessary partner beat finally yourself.,2028-02-22,In Progress
68d0a2a8-c4e7-47dd-a929-de738693fd9d,bdd640fb-0667-4ad1-9c80-317fa3b1799d,Available win politics last quite general there sister policy consider.,2022-03-12,In Progress
de431e06-e924-4069-80bb-ae526ec01269,db20a56e-dc81-4fe7-8eda-8bbb71710434,Story million fight class various.,2023-11-02,Completed
84d67c4f-f0df-4684-b28e-41225894f7f1,118a9d29-2f92-4996-99f1-95d014822f53,Suffer economy play nearly by field move.,2028-07-19,Completed
f10d27c8-9780-4215-ab2b-b8e9a417c093,c0398710-8976-4334-a281-7efdae849217,Child probably result painting successful nor stay agreement animal political.,2029-10-23,In Progress
c4576cc3-35f7-49bc-a6b0-745843c07d43,663f1c97-9562-49f0-a5d7-b8756dadd6c7,Indicate police marriage phone face what lot source rate father.,2021-03-29,Completed
7089fc6d-2877-45d9-8f56-75f8b048faa1,2d534dd0-cf8e-4c5a-8cc5-6569f9e8a369,Machine daughter parent fine responsibility safe team wish candidate.,2026-04-21,Not Started
51b1943c-1b2e-4edb-8fc8-5fc083d5bceb,118a9d29-2f92-4996-99f1-95d014822f53,Letter environment easy best face his past.,2024-03-22,Completed
28e213bc-e6fd-47af-9d84-caccf6729464,6601ddd0-3170-4437-a8f7-ef5a060edf5b,Value return couple city you level these market.,2021-07-13,Completed
750d112e-8164-4eec-a4ab-851bf1fac6e7,bdd640fb-0667-4ad1-9c80-317fa3b1799d,Democrat good anything manager think pressure like.,2029-02-16,Not Started
6e51484d-1b84-4dc3-98e0-49de0217ea0e,4ccc9bc2-a53f-4a28-abf3-e3fc21813d25,Think road shake hand hundred now.,2023-04-24,Not Started
12d2fa06-49e1-4d13-8da0-04955cce5ba9,b41b3143-8b10-450c-9570-4f32702cdd20,Mean share evidence writer quite budget window hour.,2025-10-08,Not Started
c14565c7-5d98-4115-b05e-eefe8ece1128,01a9e71f-de8a-474b-8f36-d58b47378190,Current meeting matter and case four.,2028-01-22,In Progress
9b33e3a4-2620-49a9-b4fd-33d184f2fd0f,118a9d29-2f92-4996-99f1-95d014822f53,Cause use five hotel pattern successful order medical meeting majority.,2029-07-29,In Progress
044251db-d0d4-4a67-b992-8faa4cbf131d,5cec4eb5-edd9-4831-9ca3-5cfb04fc6d82,Former body indicate film together the picture others.,2024-07-07,In Progress
f8d8b7f1-c86c-4544-a7d4-cf50f791f1e5,db20a56e-dc81-4fe7-8eda-8bbb71710434,Officer return on color pick people subject challenge quite all.,2021-11-13,In Progress
504e2687-70e7-4756-84d9-145e30d73df7,118a9d29-2f92-4996-99f1-95d014822f53,Charge real improve simple turn their save artist catch.,2023-07-12,In Progress
a987b218-ff84-4aef-9336-723b8f964685,4ccc9bc2-a53f-4a28-abf3-e3fc21813d25,Moment finish community treatment garden great sign return poor.,2024-06-30,In Progress
f5141058-3138-4975-bbf3-3a349c2dfa97,0bbb2599-11ce-4dd2-b45e-d1f03139d32c,Everything fear walk word side relate real.,2028-04-26,In Progress
8f7c1d59-594b-4a3a-bad4-65a15129950d,bdd640fb-0667-4ad1-9c80-317fa3b1799d,Explain of myself time house generation significant.,2022-06-29,Completed
f48f709c-49a2-4441-8ac4-de854a5b1aff,2d534dd0-cf8e-4c5a-8cc5-6569f9e8a369,Get kind either look dark.,2029-02-28,Not Started
b2384849-8fe0-49b6-aeda-a8024568f426,747b6dba-c8fe-4ccd-88b8-d9c6ed3049cf,Case past only drug prove most point.,2020-11-22,Not Started
b7a4c719-548e-4f6b-a9ce-1e4e19a692c9,0bbb2599-11ce-4dd2-b45e-d1f03139d32c,Beyond side accept nearly upon imagine various there local.,2023-05-24,Completed
52380bf2-4988-4418-b6c3-1218c1836315,01a9e71f-de8a-474b-8f36-d58b47378190,Position traditional become off movement rich view.,2022-12-23,Not Started
2d007d05-d66d-4627-a1da-ce6a6afa828c,badcc32a-c159-4f53-8a0f-4efbedcd465e,Young however many view while.,2024-12-03,Not Started
4c636e95-025f-4543-8997-623ae0723d96,bdd640fb-0667-4ad1-9c80-317fa3b1799d,Owner up friend lawyer political modern threat care mean evening.,2021-11-30,Completed
757b6b29-bb2a-4146-a999-394c54a7b69b,663f1c97-9562-49f0-a5d7-b8756dadd6c7,Responsibility add front far purpose cover particularly.,2026-11-24,Not Started
53f30073-83e9-4ef4-ad7d-f5d0d3b59af7,663f1c97-9562-49f0-a5d7-b8756dadd6c7,Husband believe word local very.,2020-02-12,In Progress
725d4259-3c4b-4eec-a231-ee7342c2d2eb,b02b61c4-a3d7-4628-ace6-6fa2fd5166e6,West few reveal activity president realize artist.,2022-01-04,Completed
67c96204-28e3-43b6-8e8a-dc4b77242041,5cec4eb5-edd9-4831-9ca3-5cfb04fc6d82,Type thousand show real police wait happen determine whatever.,2028-02-19,In Progress
fd247c11-bf6b-4cdf-b479-7b6127372b52,3a9bedd4-0f12-49e0-a18f-f6b6b535106e,Health reduce tree serious soon stay seven quite other skin.,2028-12-09,In Progress
5c9deee0-b42a-4456-8736-5a84725e134d,c0398710-8976-4334-a281-7efdae849217,True born stock total dark.,2029-02-16,Completed
dabf984e-53ff-4461-aa1f-1b61265cb9d9,6fb78271-504d-481f-8953-5b63ba81edd9,Kind quite response major together knowledge argue car indeed nor.,2029-07-04,Completed
4ee4334e-ce92-4136-ac3a-812f765e6cb5,b02b61c4-a3d7-4628-ace6-6fa2fd5166e6,How staff second official.,2020-10-08,Not Started
105291d3-b34c-4c73-9833-0b306c776e95,dd2467ac-778e-4db3-a93d-ffbc6c6fa611,Yes various attorney value all important shoulder she within position.,2027-02-25,Not Started
61ea2f30-e42e-407a-be2b-d9875fdcabbf,6601ddd0-3170-4437-a8f7-ef5a060edf5b,Thank trade heart radio product much president girl condition.,2029-02-20,Not Started
ba54e920-2099-4180-8762-3997649f7d88,dd2467ac-778e-4db3-a93d-ffbc6c6fa611,Strong series without leg rest interest here.,2023-11-28,Completed
27b608dc-589d-4cb0-b5eb-89c23f5cf2f3,118a9d29-2f92-4996-99f1-95d014822f53,Country themselves she allow produce past view.,2020-04-07,In Progress
19d45deb-1139-4a12-b4c1-c3ea3d9c4e64,5cec4eb5-edd9-4831-9ca3-5cfb04fc6d82,Almost our reflect any scientist I doctor describe tell argue.,2028-07-28,Not Started
d0d75e37-3bf2-425f-8a0d-2b73fe54ee4b,6601ddd0-3170-4437-a8f7-ef5a060edf5b,Five our pull fly few century produce determine feel article.,2022-12-24,Completed
8e4c3ab5-6d5d-4477-adc2-9178a0411612,badcc32a-c159-4f53-8a0f-4efbedcd465e,Another general poor high modern recent impact feel contain.,2029-02-24,Not Started
